Category,CategoryOrder,SubCategory,CategoryImage,Item,Description,RegularPrice,LunchPrice,Price
Lunch Specials,1,Entrées & Specialities,https://images.unsplash.com/photo-1546069901-ba9599a7e63c?auto=format&fit=crop&w=1400&q=85,Tahchin with Slow-Cooked Lamb,"A premium midday portion of crispy, fragrant saffron rice layered with slow-cooked lamb, topped with a vibrant garnish of barberries",$25,$20,$20
Lunch Specials,1,Entrées & Specialities,,Baghali Polo (Dill & Lima Bean Rice with Lamb),"A lunchtime portion of aromatic dill and lima bean basmati rice, paired with tender lamb cooked in a rich, savory broth.",$25,$20,$20
Lunch Specials,1,Entrées & Specialities,,Gheimeh (Beef & Yellow Split Pea Stew),"A comforting midday portion of slow-cooked beef and yellow split peas simmered in a tangy tomato and dried lime broth, topped with crispy potato matchsticks and served with fluffy basmati rice.",$23,$18,$18
Lunch Specials,1,Entrées & Specialities,,Ghormeh Sabzi (Classic Persian Herb & Veal Stew),"A lunchtime portion of slow-cooked veal, red kidney beans, and a rich blend of sautéed fresh herbs, simmered with sun-dried limes for a signature tangy depth and served with fluffy basmati rice",$23,$18,$18
Lunch Specials,1,Entrées & Specialities,,Ghormeh Sabzi with Lamb,"A lunchtime portion of slow-cooked lamb, red kidney beans, and a rich blend of sautéed fresh herbs, simmered with sun-dried limes for a signature tangy depth and served with fluffy Basmati Rice",$25,$20,$20
Lunch Specials,1,Seafood,https://images.unsplash.com/photo-1504674900247-0877df9cc836?auto=format&fit=crop&w=1400&q=85,Pan-Seared Idaho Rainbow Trout Filet,"A premium midday serving of tender rainbow trout filet, lightly seasoned and cooked to perfection for a light, clean lunch option.",$27,$20,$20
Lunch Specials,1,Seafood,,Flame-Broiled White Fish Filet,"A lunchtime portion of tender, flaky white fish, lightly seasoned and cooked to perfection. Served with your choice of fluffy basmati rice or a crisp garden salad.",$29,$20,$20
Lunch Specials,1,Seafood,,Citrus-Infused Atlantic Salmon Filet,"A perfectly balanced midday serving of fresh Atlantic salmon, infused with citrus and saffron aromatics, then fire-grilled.",$29,$20,$20
Lunch Specials,1,Flame-Grilled Poultry & Meats,https://images.unsplash.com/photo-1529566652340-2c41a1eb6d7d?auto=format&fit=crop&w=1400&q=85,Signature Dinner-Sized Cornish Hen,"Our celebrated dinner-sized Cornish hen, flame-broiled and served fresh for your midday dining",$27,$22,$22
Lunch Specials,1,Flame-Grilled Poultry & Meats,,Charbroiled Boneless Chicken Medley,"A perfectly balanced midday serving of skewered chicken breast and thigh meat, infused with traditional aromatic marinades and fire-grilled",$25,$20,$20
Lunch Specials,1,Flame-Grilled Poultry & Meats,,Chicken Koobideh (Fire-Grilled Chicken Skewer),"Expertly seasoned ground chicken, skewered and fire-charred for a light yet satisfying midday meal.",$25,$20,$20
Lunch Specials,1,Flame-Grilled Poultry & Meats,,Australian Filet Mignon Barg,"Our signature melt-in-your-mouth premium beef tenderloin, expertly skewered and charbroiled for a midday pairing.",$33,N/A,$33
Lunch Specials,1,Flame-Grilled Poultry & Meats,,Beef Koobideh (Traditional Minced Veal & Beef Skewer),"An expertly seasoned blend of ground veal and beef, skewered and flame-broiled for a perfectly balanced midday meal",$25,$20,$20
Lunch Specials,1,Sides & Salads,https://images.unsplash.com/photo-1540914124281-342587941389?auto=format&fit=crop&w=1400&q=85,Mast-o-Khiar (Chilled Cucumber & Mint Yogurt Dip),"Cool, creamy house-made yogurt infused with fresh cucumbers and aromatic mint—the perfect light accompaniment to your lunch",$10,$8,$8
Lunch Specials,1,Sides & Salads,,Mast-o-Moosir (Wild Shallot Yogurt Dip),"Rich, velvety house-made yogurt blended with aromatic wild shallots. A classic, savory pairing for your midday kabobs",$10,$8,$8
Lunch Specials,1,Sides & Salads,,Shirazi Salad (Crisp Cucumber & Tomato Salad),"A crisp midday portion of finely diced cucumbers, vine-ripened tomatoes, and red onions, tossed in a bright fresh lime and olive oil dressing",$10,$8,$8
Appetizers & Mazzeh,2,,https://images.unsplash.com/photo-1540914124281-342587941389?auto=format&fit=crop&w=1400&q=85,Kashk-e Bademjan,"Charred eggplants, fermented kashk whey cream, mint oil & warm Sangak bread",,,$15.50
Appetizers & Mazzeh,2,,,,Mast-o Khiar,"Strained yogurt, diced cucumber, wild rose petals, walnuts & sheep feta",,,$14.00
Appetizers & Mazzeh,2,,,,Zeytoon Parvardeh,"Green olives marinated in pomegranate molasses, walnuts & angelica",,,$16.50
Appetizers & Mazzeh,2,,,,Hummus & Warm Bread,"House-made hummus with olive oil, sumac & fresh-baked lavash",,,$13.00
Appetizers & Mazzeh,2,,,,Mirza Ghasemi,"Roasted eggplant & tomatoes sautéed with garlic & eggs, served warm",,,$15.00
Appetizers & Mazzeh,2,,,,Dolmeh,"Stuffed grape leaves with herbed rice, lamb, dried fruits & tamarind sauce",,,$16.00
Appetizers & Mazzeh,2,,,,Borani Esfanaj,"Baby spinach dip with Greek yogurt, garlic & caramelized onions",,,$13.50
Soups & Salads,3,,https://images.unsplash.com/photo-1547592166-23ac45744acd?auto=format&fit=crop&w=1400&q=85,Ash-e Reshteh,"Hearty Persian noodle soup with spinach, herbs, legumes & whey cream",,,$16.00
Soups & Salads,3,,,,Ash-e Anar,"Pomegranate & walnut soup with ground lamb, herbs & kashk",,,$17.50
Soups & Salads,3,,,,Shirazi Salad,"Persian cucumber, tomato, red onion & parsley tossed in verjuice dressing",,,$13.00
Soups & Salads,3,,,,Fattoush,"Romaine, radish, crispy lavash chips, sumac vinaigrette & mint",,,$14.00
Charbroiled Kababs,4,,https://images.unsplash.com/photo-1529566652340-2c41a1eb6d7d?auto=format&fit=crop&w=1400&q=85,Chelo Kabab Koobideh,"Twin skewers of prime minced lamb & Angus beef, charbroiled over hardwood charcoal",,,$27.50
Charbroiled Kababs,4,,,,Chelo Kabab Barg,"Thinly pounded & marinated Filet Mignon skewers over saffron-infused charcoal",,,$38.00
Charbroiled Kababs,4,,,,Royal Soltani Combo,"One Barg skewer & one Koobideh skewer — the ultimate Persian feast",,,$36.00
Charbroiled Kababs,4,,,,Joojeh Kabab,"Boneless saffron & lemon marinated chicken skewers, flame-kissed",,,$29.00
Charbroiled Kababs,4,,,,Shrimp Kabab,"Jumbo Gulf shrimp marinated in saffron, turmeric & lime, charbroiled",,,$35.00
Charbroiled Kababs,4,,,,Rack of Lamb (Shishlik),"Charbroiled baby lamb chops with Persian saffron, lemon & sumac",,,$48.00
Charbroiled Kababs,4,,,,Mixed Grill Platter,"Koobideh + Barg + Joojeh served with saffron rice for two",,,$69.00
Persian Stews & Rice,5,,https://images.unsplash.com/photo-1555939594-58d7cb561ad1?auto=format&fit=crop&w=1400&q=85,Ghormeh Sabzi,"Slow-braised lamb with sautéed herbs, kidney beans & sun-dried limoo amani",,,$27.00
Persian Stews & Rice,5,,,,Fesenjan,"Duck confit braised in a rich pomegranate & walnut reduction",,,$32.00
Persian Stews & Rice,5,,,,Baghali Polo ba Mahi,"Herb dill rice with fava beans & pan-seared whole sea bass",,,$38.00
Persian Stews & Rice,5,,,,Loobia Polo,"Seasoned ground beef with green beans & tomatoes slow-braised with rice",,,$24.00
Persian Stews & Rice,5,,,,Zereshk Polo ba Morgh,"Saffron chicken thighs over barberry rice with pistachios & almonds",,,$29.00
Persian Stews & Rice,5,,,,Saffron Tahdig,"Royal golden rice crust — the crown jewel of Persian cuisine",,,$11.00
Vegetarian & Vegan,6,,https://images.unsplash.com/photo-1512621776951-a57141f2eefd?auto=format&fit=crop&w=1400&q=85,Vegetarian Ghormeh Sabzi,"Herb & kidney bean stew in a rich limoo reduction, no meat",,,$22.00
Vegetarian & Vegan,6,,,,Kuku Sabzi,"Persian herb frittata with walnut, barberries & fenugreek",,,$18.00
Vegetarian & Vegan,6,,,,Herb Rice Platter,"Saffron basmati with dill, fava beans, pistachios & raisins",,,$19.00
Vegetarian & Vegan,6,,,,Roasted Cauliflower,"Turmeric-spiced cauliflower with pomegranate glaze, tahini & herbs",,,$21.00
Seafood,7,,https://images.unsplash.com/photo-1504674900247-0877df9cc836?auto=format&fit=crop&w=1400&q=85,Mahi Saffron,"Whole sea bass marinated in Persian saffron, turmeric & herbs, oven-roasted",,,$42.00
Seafood,7,,,,Salmon Kabab,"Atlantic salmon skewer with saffron-lime marinade, charbroiled",,,$38.00
Seafood,7,,,,Shrimp Stew (Ghalieh Mahi),"Gulf shrimp in a rich tamarind, fenugreek & herb sauce",,,$36.00
Desserts,8,,https://images.unsplash.com/photo-1488900128323-21503983a07e?auto=format&fit=crop&w=1400&q=85,Bastani Sonnati,"Traditional saffron & rosewater ice cream with pistachios & rose petals",,,$13.50
Desserts,8,,,,Sholeh Zard,"Persian saffron rice pudding with cinnamon, cardamom & rosewater",,,$12.00
Desserts,8,,,,Zulbia & Bamieh,"Crispy Persian funnel cake & fried dough pearls with rosewater syrup",,,$11.00
Desserts,8,,,,Persian Baklava,"Layered pastry with pistachios, walnuts & orange blossom honey",,,$14.00
Desserts,8,,,,Faloodeh Shirazi,"Rosewater sorbet vermicelli with sour cherry syrup",,,$12.50
Teas & Beverages,9,,https://images.unsplash.com/photo-1556679343-c7306c1976bc?auto=format&fit=crop&w=1400&q=85,Persian Cardamom Chai,"Brewed Ceylon black tea with saffron rock sugar & cardamom",,,$8.50
Teas & Beverages,9,,,,Rose Hip Tea,"Fragrant rose hip & hibiscus blend with dried citrus peel",,,$8.00
Teas & Beverages,9,,,,Doogh,"Chilled sparkling yogurt drink with dried mint & Persian cucumber",,,$7.50
Teas & Beverages,9,,,,Saffron & Rosewater Sherbet,"Chilled traditional Persian sherbet with basil seeds",,,$9.00
Craft Cocktails,10,,https://images.unsplash.com/photo-1551024709-8f23befc6f87?auto=format&fit=crop&w=1400&q=85,Tehran Nightfall,"Bourbon, house saffron syrup, cardamom bitters & orange peel",,,$16.00
Craft Cocktails,10,,,,Rose Garden Spritz,"Prosecco, rosewater, lychee & elderflower",,,$15.00
Craft Cocktails,10,,,,Pomegranate Mule,"Vodka, pomegranate, fresh lime & spiced ginger beer",,,$15.00
Craft Cocktails,10,,,,Saffron Margarita,"Reposado tequila, saffron cordial, lime & Tajín rim",,,$17.00
Craft Cocktails,10,,,,Shiraz Sangria,"Persian red wine, blood orange, cinnamon & rosewater",,,$14.00
Craft Cocktails,10,,,,Persian Garden Mocktail,"Rose, pomegranate, lime & sparkling water — alcohol-free",,,$10.00
